scope,invocation,kind,operation,round,seconds,is_total
conversion,,,map_input,,0.000277616,false
conversion,,,validate_and_size,,0.002811016,false
conversion,,,create_output,,0.000044364,false
conversion,,,reserve_output,,0.154683770,false
conversion,,,write_header,,0.000023915,false
conversion,,,write_offsets,,2.323108843,false
conversion,,,write_destinations,,95.284539381,false
conversion,,,flush_and_close,,0.060136998,false
conversion,,,publish_output,,0.000068149,false
conversion,,,instrumented_total,,97.825911644,true
conversion,,,process_wall,,100.350000000,true
loader,,,loader.map_forward_file,,0.000049043,false
loader,,,loader.parse_forward_header,,0.002496280,false
loader,,,loader.allocate_out_metadata,,0.091246961,false
loader,,,loader.populate_out_metadata,,0.574499710,false
loader,,,loader.allocate_reverse_offsets,,0.000044144,false
loader,,,loader.initialize_reverse_offsets,,0.054190792,false
loader,,,loader.allocate_edge_pairs,,0.000029455,false
loader,,,loader.populate_edge_pairs,,5.383392284,false
loader,,,loader.sort_edge_pairs,,126.131995149,false
loader,,,loader.allocate_reverse_edges,,0.000048071,false
loader,,,loader.populate_reverse_edges,,1.818963869,false
loader,,,loader.release_edge_pairs,,17.762118830,false
loader,,,loader.scan_reverse_offsets,,0.024250556,false
loader,,,loader.allocate_in_metadata,,0.000462106,false
loader,,,loader.populate_in_metadata,,0.110440935,false
loader,,,loader.total,,151.955858704,true
algorithm,0,warmup,algorithm.initialize,0,0.239196701,false
algorithm,0,warmup,algorithm.select_max_degree_pivot,0,0.019373816,false
algorithm,0,warmup,algorithm.initial_backward_search,0,1.056415205,false
algorithm,0,warmup,algorithm.initial_forward_search,0,1.029373781,false
algorithm,0,warmup,algorithm.initial_classify_vertices,0,0.015576071,false
algorithm,0,warmup,algorithm.initial_round_total,0,2.121184749,true
algorithm,0,warmup,algorithm.filter_initial_residual,0,0.260635510,false
algorithm,0,warmup,algorithm.select_round_centers,1,0.000008706,false
algorithm,0,warmup,algorithm.round_backward_search,1,0.004131598,false
algorithm,0,warmup,algorithm.round_forward_search,1,0.001386808,false
algorithm,0,warmup,algorithm.round_classify_vertices,1,0.005690161,false
algorithm,0,warmup,algorithm.round_total,1,0.011362357,true
algorithm,0,warmup,algorithm.select_round_centers,2,0.000005330,false
algorithm,0,warmup,algorithm.round_multi_backward_search,2,0.000066697,false
algorithm,0,warmup,algorithm.round_multi_forward_search,2,0.000244102,false
algorithm,0,warmup,algorithm.round_intersect_searches,2,0.000002856,false
algorithm,0,warmup,algorithm.round_partition_residual,2,0.000001553,false
algorithm,0,warmup,algorithm.round_total,2,0.000415367,true
algorithm,0,warmup,algorithm.select_round_centers,3,0.000001382,false
algorithm,0,warmup,algorithm.round_multi_backward_search,3,0.000031150,false
algorithm,0,warmup,algorithm.round_multi_forward_search,3,0.000024125,false
algorithm,0,warmup,algorithm.round_intersect_searches,3,0.000001122,false
algorithm,0,warmup,algorithm.round_partition_residual,3,0.000001472,false
algorithm,0,warmup,algorithm.round_total,3,0.000193847,true
algorithm,0,warmup,algorithm.select_round_centers,4,0.000001042,false
algorithm,0,warmup,algorithm.round_multi_backward_search,4,0.000026891,false
algorithm,0,warmup,algorithm.round_multi_forward_search,4,0.000013255,false
algorithm,0,warmup,algorithm.round_intersect_searches,4,0.000000981,false
algorithm,0,warmup,algorithm.round_partition_residual,4,0.000000912,false
algorithm,0,warmup,algorithm.round_total,4,0.000120138,true
algorithm,0,warmup,algorithm.select_round_centers,5,0.000001172,false
algorithm,0,warmup,algorithm.round_multi_backward_search,5,0.000030288,false
algorithm,0,warmup,algorithm.round_multi_forward_search,5,0.000026831,false
algorithm,0,warmup,algorithm.round_intersect_searches,5,0.000004268,false
algorithm,0,warmup,algorithm.round_partition_residual,5,0.000001884,false
algorithm,0,warmup,algorithm.round_total,5,0.000148522,true
algorithm,0,warmup,algorithm.select_round_centers,6,0.000001824,false
algorithm,0,warmup,algorithm.round_multi_backward_search,6,0.000040938,false
algorithm,0,warmup,algorithm.round_multi_forward_search,6,0.000029817,false
algorithm,0,warmup,algorithm.round_intersect_searches,6,0.000002605,false
algorithm,0,warmup,algorithm.round_partition_residual,6,0.000002034,false
algorithm,0,warmup,algorithm.round_total,6,0.000163470,true
algorithm,0,warmup,algorithm.select_round_centers,7,0.000000711,false
algorithm,0,warmup,algorithm.round_total,7,0.000015810,true
algorithm,0,warmup,algorithm.select_round_centers,8,0.000001222,false
algorithm,0,warmup,algorithm.round_multi_backward_search,8,0.000013846,false
algorithm,0,warmup,algorithm.round_multi_forward_search,8,0.000013115,false
algorithm,0,warmup,algorithm.round_intersect_searches,8,0.000000961,false
algorithm,0,warmup,algorithm.round_partition_residual,8,0.000000872,false
algorithm,0,warmup,algorithm.round_total,8,0.000107013,true
algorithm,0,warmup,algorithm.select_round_centers,9,0.000000881,false
algorithm,0,warmup,algorithm.round_total,9,0.000017092,true
algorithm,0,warmup,algorithm.select_round_centers,10,0.000001062,false
algorithm,0,warmup,algorithm.round_total,10,0.000019066,true
algorithm,0,warmup,algorithm.select_round_centers,11,0.000000731,false
algorithm,0,warmup,algorithm.round_total,11,0.000017533,true
algorithm,0,warmup,algorithm.select_round_centers,12,0.000000692,false
algorithm,0,warmup,algorithm.round_total,12,0.000025208,true
algorithm,0,warmup,algorithm.select_round_centers,13,0.000000971,false
algorithm,0,warmup,algorithm.round_total,13,0.000016811,true
algorithm,0,warmup,algorithm.normalize_labels,0,0.012893779,false
algorithm,0,warmup,algorithm.total,0,2.647090400,true
runner,0,warmup,scc,,2.647115989,true
runner,0,warmup,count_components,,0.028100200,false
runner,0,warmup,largest_component_stats,,0.773465808,false
runner,0,warmup,release_labels,,0.000001432,false
runner,0,warmup,runner_total,,3.449116190,true
algorithm,1,measured,algorithm.initialize,0,0.179862655,false
algorithm,1,measured,algorithm.select_max_degree_pivot,0,0.019469859,false
algorithm,1,measured,algorithm.initial_backward_search,0,1.080649170,false
algorithm,1,measured,algorithm.initial_forward_search,0,1.027777497,false
algorithm,1,measured,algorithm.initial_classify_vertices,0,0.015840532,false
algorithm,1,measured,algorithm.initial_round_total,0,2.144177983,true
algorithm,1,measured,algorithm.filter_initial_residual,0,0.261693044,false
algorithm,1,measured,algorithm.select_round_centers,1,0.000006853,false
algorithm,1,measured,algorithm.round_backward_search,1,0.004348419,false
algorithm,1,measured,algorithm.round_forward_search,1,0.001456811,false
algorithm,1,measured,algorithm.round_classify_vertices,1,0.005782515,false
algorithm,1,measured,algorithm.round_total,1,0.011733571,true
algorithm,1,measured,algorithm.select_round_centers,2,0.000004909,false
algorithm,1,measured,algorithm.round_multi_backward_search,2,0.000061175,false
algorithm,1,measured,algorithm.round_multi_forward_search,2,0.000033053,false
algorithm,1,measured,algorithm.round_intersect_searches,2,0.000002585,false
algorithm,1,measured,algorithm.round_partition_residual,2,0.000002255,false
algorithm,1,measured,algorithm.round_total,2,0.000197414,true
algorithm,1,measured,algorithm.select_round_centers,3,0.000001292,false
algorithm,1,measured,algorithm.round_multi_backward_search,3,0.000030057,false
algorithm,1,measured,algorithm.round_multi_forward_search,3,0.000019086,false
algorithm,1,measured,algorithm.round_intersect_searches,3,0.000000962,false
algorithm,1,measured,algorithm.round_partition_residual,3,0.000000892,false
algorithm,1,measured,algorithm.round_total,3,0.000153110,true
algorithm,1,measured,algorithm.select_round_centers,4,0.000001212,false
algorithm,1,measured,algorithm.round_multi_backward_search,4,0.000025348,false
algorithm,1,measured,algorithm.round_multi_forward_search,4,0.000019526,false
algorithm,1,measured,algorithm.round_intersect_searches,4,0.000001453,false
algorithm,1,measured,algorithm.round_partition_residual,4,0.000001022,false
algorithm,1,measured,algorithm.round_total,4,0.000151337,true
algorithm,1,measured,algorithm.select_round_centers,5,0.000001112,false
algorithm,1,measured,algorithm.round_multi_backward_search,5,0.000032813,false
algorithm,1,measured,algorithm.round_multi_forward_search,5,0.000025188,false
algorithm,1,measured,algorithm.round_intersect_searches,5,0.000001984,false
algorithm,1,measured,algorithm.round_partition_residual,5,0.000001774,false
algorithm,1,measured,algorithm.round_total,5,0.000153120,true
algorithm,1,measured,algorithm.select_round_centers,6,0.000001724,false
algorithm,1,measured,algorithm.round_multi_backward_search,6,0.000029867,false
algorithm,1,measured,algorithm.round_multi_forward_search,6,0.000032040,false
algorithm,1,measured,algorithm.round_intersect_searches,6,0.000002565,false
algorithm,1,measured,algorithm.round_partition_residual,6,0.000002044,false
algorithm,1,measured,algorithm.round_total,6,0.000150455,true
algorithm,1,measured,algorithm.select_round_centers,7,0.000000751,false
algorithm,1,measured,algorithm.round_total,7,0.000016762,true
algorithm,1,measured,algorithm.select_round_centers,8,0.000000931,false
algorithm,1,measured,algorithm.round_multi_backward_search,8,0.000017794,false
algorithm,1,measured,algorithm.round_multi_forward_search,8,0.000015419,false
algorithm,1,measured,algorithm.round_intersect_searches,8,0.000000901,false
algorithm,1,measured,algorithm.round_partition_residual,8,0.000000802,false
algorithm,1,measured,algorithm.round_total,8,0.000118835,true
algorithm,1,measured,algorithm.select_round_centers,9,0.000000761,false
algorithm,1,measured,algorithm.round_total,9,0.000017533,true
algorithm,1,measured,algorithm.select_round_centers,10,0.000001242,false
algorithm,1,measured,algorithm.round_total,10,0.000019618,true
algorithm,1,measured,algorithm.select_round_centers,11,0.000000821,false
algorithm,1,measured,algorithm.round_total,11,0.000014778,true
algorithm,1,measured,algorithm.select_round_centers,12,0.000000531,false
algorithm,1,measured,algorithm.round_total,12,0.000376533,true
algorithm,1,measured,algorithm.select_round_centers,13,0.000001202,false
algorithm,1,measured,algorithm.round_total,13,0.000003126,true
algorithm,1,measured,algorithm.normalize_labels,0,0.012861178,false
algorithm,1,measured,algorithm.total,0,2.612281329,true
runner,1,measured,scc,,2.612305925,true
runner,1,measured,count_components,,0.027731120,false
runner,1,measured,largest_component_stats,,0.781796502,false
runner,1,measured,release_labels,,0.000001413,false
runner,1,measured,runner_total,,3.422228617,true
cleanup,,,cleanup.release_vertex_metadata,,0.000002785,false
gbbs,,,process_wall,,173.740000000,true
gbbs,,,unattributed_process_overhead,,14.912793704,false
pipeline,,,conversion_plus_gbbs_process_wall,,274.090000000,true
