graph,source,nodes,edges,load_ms,algorithm,threads,scc_ms,num_sccs
GD96_a,bgr,1096,1677,3.37402,wang,1,0.3,1096
GD96_a,bgr,1096,1677,3.37402,wang,32,0.6,1096
GD96_a,bgr,1096,1677,3.37402,wang,64,0.6,1096
GD96_a,bgr,1096,1677,3.37402,wang,128,1.0,1096
GD96_a,bgr,1096,1677,3.37402,gbbs,1,1.01.0,1096
GD96_a,bgr,1096,1677,3.37402,gbbs,32,1.11.0,1096
GD96_a,bgr,1096,1677,3.37402,gbbs,64,1.31.2,1096
GD96_a,bgr,1096,1677,3.37402,gbbs,128,1.51.4,1096
GD96_a,bgr,1096,1677,3.37402,ispan,1,0.1,1097
GD96_a,bgr,1096,1677,3.37402,ispan,32,1.5,1097
GD96_a,bgr,1096,1677,3.37402,ispan,64,1.8,1097
GD96_a,bgr,1096,1677,3.37402,ispan,128,97.7,1097
webbase-1M_connected,bgr,1000005,2108301,68.6602,wang,1,48.9,940398
webbase-1M_connected,bgr,1000005,2108301,68.6602,wang,32,23.7,940398
webbase-1M_connected,bgr,1000005,2108301,68.6602,wang,64,21.5,940398
webbase-1M_connected,bgr,1000005,2108301,68.6602,wang,128,21.3,940398
webbase-1M_connected,bgr,1000005,2108301,68.6602,gbbs,1,69.865.8,940398
webbase-1M_connected,bgr,1000005,2108301,68.6602,gbbs,32,76.876.5,940398
webbase-1M_connected,bgr,1000005,2108301,68.6602,gbbs,64,73.466.3,940398
webbase-1M_connected,bgr,1000005,2108301,68.6602,gbbs,128,94.686.3,940398
webbase-1M_connected,bgr,1000005,2108301,68.6602,ispan,1,38.0,940399
webbase-1M_connected,bgr,1000005,2108301,68.6602,ispan,32,12.7,940399
webbase-1M_connected,bgr,1000005,2108301,68.6602,ispan,64,13.6,940399
webbase-1M_connected,bgr,1000005,2108301,68.6602,ispan,128,129.8,940399
uk-2005,bgr,39459925,936364282,2680.87,wang,1,17861.7,5811041
uk-2005,bgr,39459925,936364282,2680.87,wang,32,FAIL,
uk-2005,bgr,39459925,936364282,2680.87,wang,64,FAIL,
uk-2005,bgr,39459925,936364282,2680.87,wang,128,FAIL,
uk-2005,bgr,39459925,936364282,2680.87,gbbs,1,FAIL,
uk-2005,bgr,39459925,936364282,2680.87,gbbs,32,FAIL,
uk-2005,bgr,39459925,936364282,2680.87,gbbs,64,FAIL,
uk-2005,bgr,39459925,936364282,2680.87,gbbs,128,FAIL,
uk-2005,bgr,39459925,936364282,2680.87,ispan,1,828.8,
uk-2005,bgr,39459925,936364282,2680.87,ispan,32,741.4,
uk-2005,bgr,39459925,936364282,2680.87,ispan,64,731.4,
indochina-2004,bgr,7414866,194109311,535.437,wang,1,4700.7,1749052
indochina-2004,bgr,7414866,194109311,535.437,wang,32,549.5,1749052
indochina-2004,bgr,7414866,194109311,535.437,wang,64,425.7,1749052
uk-2005,bgr,39459925,936364282,2680.87,ispan,128,773.3,
indochina-2004,bgr,7414866,194109311,535.437,wang,128,234.7,1749052
indochina-2004,bgr,7414866,194109311,535.437,gbbs,1,FAIL,
indochina-2004,bgr,7414866,194109311,535.437,gbbs,32,FAIL,
indochina-2004,bgr,7414866,194109311,535.437,gbbs,64,FAIL,
indochina-2004,bgr,7414866,194109311,535.437,gbbs,128,FAIL,
indochina-2004,bgr,7414866,194109311,535.437,ispan,1,FAIL,
indochina-2004,bgr,7414866,194109311,535.437,ispan,32,FAIL,
indochina-2004,bgr,7414866,194109311,535.437,ispan,64,FAIL,
indochina-2004,bgr,7414866,194109311,535.437,ispan,128,FAIL,
arabic-2005,bgr,22744080,639999458,1587.27,wang,1,9159.9,4000414
arabic-2005,bgr,22744080,639999458,1587.27,wang,32,1514.2,8815057
arabic-2005,bgr,22744080,639999458,1587.27,wang,64,1013.5,8815057
arabic-2005,bgr,22744080,639999458,1587.27,wang,128,756.7,8815057
arabic-2005,bgr,22744080,639999458,1587.27,gbbs,1,27390.026602.4,8815057
arabic-2005,bgr,22744080,639999458,1587.27,gbbs,32,3158.53024.2,8815057
arabic-2005,bgr,22744080,639999458,1587.27,gbbs,64,2536.02466.4,8815057
arabic-2005,bgr,22744080,639999458,1587.27,gbbs,128,2542.02504.3,8815057
sk-2005,bgr,50636154,1949412601,4940.1,wang,1,21173.7,8815057
sk-2005,bgr,50636154,1949412601,4940.1,wang,32,1628.5,8815057
arabic-2005,bgr,22744080,639999458,1587.27,ispan,1,26303.7,8815058
sk-2005,bgr,50636154,1949412601,4940.1,wang,64,1048.5,8815057
sk-2005,bgr,50636154,1949412601,4940.1,wang,128,785.3,8815057
arabic-2005,bgr,22744080,639999458,1587.27,ispan,32,2282.7,8815058
arabic-2005,bgr,22744080,639999458,1587.27,ispan,64,FAIL,
arabic-2005,bgr,22744080,639999458,1587.27,ispan,128,FAIL,
sk-2005,bgr,50636154,1949412601,4940.1,gbbs,1,FAIL,
sk-2005,bgr,50636154,1949412601,4940.1,gbbs,32,FAIL,
sk-2005,bgr,50636154,1949412601,4940.1,gbbs,64,FAIL,
sk-2005,bgr,50636154,1949412601,4940.1,gbbs,128,FAIL,
sk-2005,bgr,50636154,1949412601,4940.1,ispan,1,3687.0,
uk-2005,bgr,39459925,936364282,2221.15,wang,1,19138.9,5811041
uk-2005,bgr,39459925,936364282,2221.15,wang,32,1238.3,5811041
uk-2005,bgr,39459925,936364282,2221.15,wang,64,821.0,5811041
uk-2005,bgr,39459925,936364282,2221.15,wang,128,615.8,5811041
uk-2005,bgr,39459925,936364282,2221.15,gbbs,1,24803.524058.0,5811041
uk-2005,bgr,39459925,936364282,2221.15,gbbs,32,2722.52603.2,5811041
uk-2005,bgr,39459925,936364282,2221.15,gbbs,64,2570.52394.8,5811041
uk-2005,bgr,39459925,936364282,2221.15,gbbs,128,2510.72367.7,5811041
uk-2005,bgr,39459925,936364282,2221.15,ispan,1,53340.1,5811041
uk-2005,bgr,39459925,936364282,2221.15,ispan,32,FAIL,
uk-2005,bgr,39459925,936364282,2221.15,ispan,64,FAIL,
uk-2005,bgr,39459925,936364282,2221.15,ispan,128,FAIL,
sk-2005,bgr,50636154,1949412601,4265.29,wang,1,19675.1,8815057
sk-2005,bgr,50636154,1949412601,4265.29,wang,32,1624.7,8815057
sk-2005,bgr,50636154,1949412601,4265.29,wang,64,925.5,8815057
sk-2005,bgr,50636154,1949412601,4265.29,wang,128,764.7,8815057
sk-2005,bgr,50636154,1949412601,4265.29,gbbs,1,27301.526378.9,8815057
sk-2005,bgr,50636154,1949412601,4265.29,gbbs,32,3053.52973.5,8815057
sk-2005,bgr,50636154,1949412601,4265.29,gbbs,64,2470.72324.7,8815057
sk-2005,bgr,50636154,1949412601,4265.29,gbbs,128,2501.92425.1,8815057
sk-2005,bgr,50636154,1949412601,4265.29,ispan,1,25267.3,8815058
sk-2005,bgr,50636154,1949412601,4265.29,ispan,32,2238.0,8815058
sk-2005,bgr,50636154,1949412601,4265.29,ispan,64,FAIL,
sk-2005,bgr,50636154,1949412601,4265.29,ispan,128,FAIL,
it-2004,bgr,41291594,1150725436,3239.37,wang,1,15249.7,6753961
it-2004,bgr,41291594,1150725436,3239.37,wang,32,975.5,6753961
it-2004,bgr,41291594,1150725436,3239.37,wang,64,734.6,6753961
it-2004,bgr,41291594,1150725436,3239.37,wang,128,514.4,6753961
it-2004,bgr,41291594,1150725436,3239.37,gbbs,1,23239.722508.9,6753961
it-2004,bgr,41291594,1150725436,3239.37,gbbs,32,2997.22602.4,6753961
it-2004,bgr,41291594,1150725436,3239.37,gbbs,64,2543.12493.2,6753961
it-2004,bgr,41291594,1150725436,3239.37,gbbs,128,2529.52349.6,6753961
it-2004,bgr,41291594,1150725436,3239.37,ispan,1,80047.5,6753962
it-2004,bgr,41291594,1150725436,3239.37,ispan,32,11225.5,6753962
it-2004,bgr,41291594,1150725436,3239.37,ispan,64,10499.7,6753962
it-2004,bgr,41291594,1150725436,3239.37,ispan,128,8692.4,6753962
twitter7,bgr,41652230,1468365182,3998.86,wang,1,6890.8,8044728
twitter7,bgr,41652230,1468365182,3998.86,wang,32,429.3,8044728
twitter7,bgr,41652230,1468365182,3998.86,wang,64,271.1,8044728
twitter7,bgr,41652230,1468365182,3998.86,wang,128,260.3,8044728
twitter7,bgr,41652230,1468365182,3998.86,gbbs,1,7447.07237.8,8044728
twitter7,bgr,41652230,1468365182,3998.86,gbbs,32,636.2567.0,8044728
twitter7,bgr,41652230,1468365182,3998.86,gbbs,64,517.8444.7,8044728
twitter7,bgr,41652230,1468365182,3998.86,gbbs,128,467.4431.9,8044728
twitter7,bgr,41652230,1468365182,3998.86,ispan,1,17176.6,8044729
twitter7,bgr,41652230,1468365182,3998.86,ispan,32,1225.7,8044729
twitter7,bgr,41652230,1468365182,3998.86,ispan,64,1028.5,8044729
twitter7,bgr,41652230,1468365182,3998.86,ispan,128,1104.4,8044729
webbase-2001,bgr,118142155,1019903190,3011.67,wang,1,49702.7,41126852
webbase-2001,bgr,118142155,1019903190,3011.67,wang,32,2986.2,41126852
webbase-2001,bgr,118142155,1019903190,3011.67,wang,64,1866.4,41126852
webbase-2001,bgr,118142155,1019903190,3011.67,wang,128,1349.6,41126852
webbase-2001,bgr,118142155,1019903190,3011.67,gbbs,1,70914.169076.2,41126852
webbase-2001,bgr,118142155,1019903190,3011.67,gbbs,32,5954.36211.1,41126852
webbase-2001,bgr,118142155,1019903190,3011.67,gbbs,64,5027.54833.0,41126852
webbase-2001,bgr,118142155,1019903190,3011.67,gbbs,128,4571.94407.9,41126852
webbase-2001,bgr,118142155,1019903190,3011.67,ispan,1,380456.8,41126852
webbase-2001,bgr,118142155,1019903190,3011.67,ispan,32,30882.0,41126852
webbase-2001,bgr,118142155,1019903190,3011.67,ispan,64,23316.1,41126852
webbase-2001,bgr,118142155,1019903190,3011.67,ispan,128,21910.7,41126852
com-Friendster,bgr,65608366,3612134270,11357.3,wang,1,24823.1,1
com-Friendster,bgr,65608366,3612134270,11357.3,wang,32,1454.8,1
com-Friendster,bgr,65608366,3612134270,11357.3,wang,64,741.8,1
com-Friendster,bgr,65608366,3612134270,11357.3,wang,128,573.6,1
com-Friendster,bgr,65608366,3612134270,11357.3,gbbs,1,16436.716063.8,1
com-Friendster,bgr,65608366,3612134270,11357.3,gbbs,32,875.3743.9,1
com-Friendster,bgr,65608366,3612134270,11357.3,gbbs,64,568.3434.4,1
com-Friendster,bgr,65608366,3612134270,11357.3,gbbs,128,536.1350.6,1
com-Friendster,bgr,65608366,3612134270,11357.3,ispan,1,SKIP,
com-Friendster,bgr,65608366,3612134270,11357.3,ispan,32,SKIP,
com-Friendster,bgr,65608366,3612134270,11357.3,ispan,64,SKIP,
com-Friendster,bgr,65608366,3612134270,11357.3,ispan,128,SKIP,
com-LiveJournal,bgr,3997962,69362378,293.77,wang,1,330.3,1
com-LiveJournal,bgr,3997962,69362378,293.77,wang,32,22.6,1
com-LiveJournal,bgr,3997962,69362378,293.77,wang,64,18.2,1
com-LiveJournal,bgr,3997962,69362378,293.77,wang,128,13.8,1
com-LiveJournal,bgr,3997962,69362378,293.77,gbbs,1,363.6354.6,1
com-LiveJournal,bgr,3997962,69362378,293.77,gbbs,32,25.623.2,1
com-LiveJournal,bgr,3997962,69362378,293.77,gbbs,64,23.020.0,1
com-LiveJournal,bgr,3997962,69362378,293.77,gbbs,128,21.917.4,1
com-LiveJournal,bgr,3997962,69362378,293.77,ispan,1,297.4,2
com-LiveJournal,bgr,3997962,69362378,293.77,ispan,32,25.6,2
com-LiveJournal,bgr,3997962,69362378,293.77,ispan,64,20.8,2
com-LiveJournal,bgr,3997962,69362378,293.77,ispan,128,207.1,2
com-Orkut,bgr,3072441,234370166,886.541,wang,1,329.0,1
com-Orkut,bgr,3072441,234370166,886.541,wang,32,21.1,1
com-Orkut,bgr,3072441,234370166,886.541,wang,64,18.2,1
com-Orkut,bgr,3072441,234370166,886.541,wang,128,14.3,1
com-Orkut,bgr,3072441,234370166,886.541,gbbs,1,440.8436.2,1
com-Orkut,bgr,3072441,234370166,886.541,gbbs,32,28.126.9,1
com-Orkut,bgr,3072441,234370166,886.541,gbbs,64,25.423.0,1
com-Orkut,bgr,3072441,234370166,886.541,gbbs,128,22.318.5,1
com-Orkut,bgr,3072441,234370166,886.541,ispan,1,658.3,2
com-Orkut,bgr,3072441,234370166,886.541,ispan,32,46.6,2
com-Orkut,bgr,3072441,234370166,886.541,ispan,64,49.0,2
com-Orkut,bgr,3072441,234370166,886.541,ispan,128,FAIL,
delaunay_n24,bgr,16777216,100663202,466.408,wang,1,2054.3,1
delaunay_n24,bgr,16777216,100663202,466.408,wang,32,142.3,1
delaunay_n24,bgr,16777216,100663202,466.408,wang,64,118.4,1
delaunay_n24,bgr,16777216,100663202,466.408,wang,128,95.3,1
delaunay_n24,bgr,16777216,100663202,466.408,gbbs,1,3710.43695.3,1
delaunay_n24,bgr,16777216,100663202,466.408,gbbs,32,867.9962.7,1
delaunay_n24,bgr,16777216,100663202,466.408,gbbs,64,773.9856.7,1
delaunay_n24,bgr,16777216,100663202,466.408,gbbs,128,1044.2998.4,1
delaunay_n24,bgr,16777216,100663202,466.408,ispan,1,1230.1,2
delaunay_n24,bgr,16777216,100663202,466.408,ispan,32,93.6,2
delaunay_n24,bgr,16777216,100663202,466.408,ispan,64,85.7,2
delaunay_n24,bgr,16777216,100663202,466.408,ispan,128,227.0,2
europe_osm,bgr,50912018,108109320,611.463,wang,1,5022.0,1
europe_osm,bgr,50912018,108109320,611.463,wang,32,308.4,1
europe_osm,bgr,50912018,108109320,611.463,wang,64,250.8,1
europe_osm,bgr,50912018,108109320,611.463,wang,128,181.6,1
europe_osm,bgr,50912018,108109320,611.463,gbbs,1,13475.411624.5,1
europe_osm,bgr,50912018,108109320,611.463,gbbs,32,8934.211354.8,1
europe_osm,bgr,50912018,108109320,611.463,gbbs,64,8462.89516.5,1
europe_osm,bgr,50912018,108109320,611.463,gbbs,128,9149.08624.4,1
europe_osm,bgr,50912018,108109320,611.463,ispan,1,3215.7,2
europe_osm,bgr,50912018,108109320,611.463,ispan,32,748.0,2
europe_osm,bgr,50912018,108109320,611.463,ispan,64,689.1,2
europe_osm,bgr,50912018,108109320,611.463,ispan,128,1460.7,2
GAP-kron,bgr,134217726,4223264644,17946.5,wang,1,14624.8,71164263
GAP-kron,bgr,134217726,4223264644,17946.5,wang,32,770.2,71164263
GAP-kron,bgr,134217726,4223264644,17946.5,wang,64,421.8,71164263
GAP-kron,bgr,134217726,4223264644,17946.5,wang,128,370.6,71164263
GAP-kron,bgr,134217726,4223264644,17946.5,gbbs,1,18667.618492.4,71164263
GAP-kron,bgr,134217726,4223264644,17946.5,gbbs,32,963.3865.4,71164263
GAP-kron,bgr,134217726,4223264644,17946.5,gbbs,64,636.9568.9,71164263
GAP-kron,bgr,134217726,4223264644,17946.5,gbbs,128,568.7409.3,71164263
GAP-kron,bgr,134217726,4223264644,17946.5,ispan,1,SKIP,
GAP-kron,bgr,134217726,4223264644,17946.5,ispan,32,SKIP,
GAP-kron,bgr,134217726,4223264644,17946.5,ispan,64,SKIP,
GAP-kron,bgr,134217726,4223264644,17946.5,ispan,128,SKIP,
GAP-urand,bgr,134217728,4294966740,16294.5,wang,1,FAIL,
GAP-urand,bgr,134217728,4294966740,16294.5,wang,32,2816.5,1
GAP-urand,bgr,134217728,4294966740,16294.5,wang,64,1535.0,1
GAP-urand,bgr,134217728,4294966740,16294.5,wang,128,1221.5,1
GAP-urand,bgr,134217728,4294966740,16294.5,gbbs,1,18464.718757.8,1
GAP-urand,bgr,134217728,4294966740,16294.5,gbbs,32,947.6861.9,1
GAP-urand,bgr,134217728,4294966740,16294.5,gbbs,64,688.0583.0,1
GAP-urand,bgr,134217728,4294966740,16294.5,gbbs,128,646.7485.2,1
GAP-urand,bgr,134217728,4294966740,16294.5,ispan,1,SKIP,
GAP-urand,bgr,134217728,4294966740,16294.5,ispan,32,SKIP,
GAP-urand,bgr,134217728,4294966740,16294.5,ispan,64,SKIP,
GAP-urand,bgr,134217728,4294966740,16294.5,ispan,128,SKIP,
kmer_A2a,bgr,170728175,360585172,1470.73,wang,1,67622.3,5353
kmer_A2a,bgr,170728175,360585172,1470.73,wang,32,3203.8,5353
kmer_A2a,bgr,170728175,360585172,1470.73,wang,64,1885.9,5353
kmer_A2a,bgr,170728175,360585172,1470.73,wang,128,1155.9,5353
kmer_A2a,bgr,170728175,360585172,1470.73,gbbs,1,122820.0122361.0,5353
kmer_A2a,bgr,170728175,360585172,1470.73,gbbs,32,5705.06378.3,5353
kmer_A2a,bgr,170728175,360585172,1470.73,gbbs,64,3876.74171.6,5353
kmer_A2a,bgr,170728175,360585172,1470.73,gbbs,128,2902.32795.2,5353
kmer_A2a,bgr,170728175,360585172,1470.73,ispan,1,30629.9,5354
kmer_A2a,bgr,170728175,360585172,1470.73,ispan,32,1697.3,5354
kmer_A2a,bgr,170728175,360585172,1470.73,ispan,64,1461.9,5354
kmer_A2a,bgr,170728175,360585172,1470.73,ispan,128,1653.9,5354
kmer_V1r,bgr,214005017,465410904,1897.39,wang,1,75367.7,9
kmer_V1r,bgr,214005017,465410904,1897.39,wang,32,3531.9,9
kmer_V1r,bgr,214005017,465410904,1897.39,wang,64,1910.6,9
kmer_V1r,bgr,214005017,465410904,1897.39,wang,128,1335.6,9
kmer_V1r,bgr,214005017,465410904,1897.39,gbbs,1,111269.0110060.0,9
kmer_V1r,bgr,214005017,465410904,1897.39,gbbs,32,5044.15117.6,9
kmer_V1r,bgr,214005017,465410904,1897.39,gbbs,64,3411.93088.8,9
kmer_V1r,bgr,214005017,465410904,1897.39,gbbs,128,2484.02232.8,9
kmer_V1r,bgr,214005017,465410904,1897.39,ispan,1,34330.0,10
kmer_V1r,bgr,214005017,465410904,1897.39,ispan,32,1951.3,10
kmer_V1r,bgr,214005017,465410904,1897.39,ispan,64,1558.4,10
kmer_V1r,bgr,214005017,465410904,1897.39,ispan,128,1601.2,10
MOLIERE_2016,bgr,30239687,6677301366,23725.2,wang,1,FAIL,
MOLIERE_2016,bgr,30239687,6677301366,23725.2,wang,32,520.2,25026
MOLIERE_2016,bgr,30239687,6677301366,23725.2,wang,64,223.6,25026
MOLIERE_2016,bgr,30239687,6677301366,23725.2,wang,128,225.2,25026
MOLIERE_2016,bgr,30239687,6677301366,23725.2,gbbs,1,14465.014884.9,25026
MOLIERE_2016,bgr,30239687,6677301366,23725.2,gbbs,32,538.7483.7,25026
MOLIERE_2016,bgr,30239687,6677301366,23725.2,gbbs,64,312.6279.1,25026
MOLIERE_2016,bgr,30239687,6677301366,23725.2,gbbs,128,279.0260.1,25026
MOLIERE_2016,bgr,30239687,6677301366,23725.2,ispan,1,SKIP,
MOLIERE_2016,bgr,30239687,6677301366,23725.2,ispan,32,SKIP,
MOLIERE_2016,bgr,30239687,6677301366,23725.2,ispan,64,SKIP,
MOLIERE_2016,bgr,30239687,6677301366,23725.2,ispan,128,SKIP,
nlpkkt240,bgr,27993600,774472352,3722.61,wang,1,12755.5,1
nlpkkt240,bgr,27993600,774472352,3722.61,wang,32,733.4,1
nlpkkt240,bgr,27993600,774472352,3722.61,wang,64,430.2,1
nlpkkt240,bgr,27993600,774472352,3722.61,wang,128,292.7,1
nlpkkt240,bgr,27993600,774472352,3722.61,gbbs,1,11291.811241.7,1
nlpkkt240,bgr,27993600,774472352,3722.61,gbbs,32,713.9700.8,1
nlpkkt240,bgr,27993600,774472352,3722.61,gbbs,64,586.9548.0,1
nlpkkt240,bgr,27993600,774472352,3722.61,gbbs,128,462.5410.5,1
nlpkkt240,bgr,27993600,774472352,3722.61,ispan,1,3507.6,2
nlpkkt240,bgr,27993600,774472352,3722.61,ispan,32,207.3,2
nlpkkt240,bgr,27993600,774472352,3722.61,ispan,64,165.1,2
nlpkkt240,bgr,27993600,774472352,3722.61,ispan,128,324.7,2
road_central,bgr,14081816,33866826,188.48,wang,1,1449.7,1
road_central,bgr,14081816,33866826,188.48,wang,32,133.6,1
road_central,bgr,14081816,33866826,188.48,wang,64,120.7,1
road_central,bgr,14081816,33866826,188.48,wang,128,100.8,1
road_central,bgr,14081816,33866826,188.48,gbbs,1,3029.73043.2,1
road_central,bgr,14081816,33866826,188.48,gbbs,32,2107.63062.8,1
road_central,bgr,14081816,33866826,188.48,gbbs,64,1980.72196.5,1
road_central,bgr,14081816,33866826,188.48,gbbs,128,2638.22524.3,1
road_central,bgr,14081816,33866826,188.48,ispan,1,962.9,2
road_central,bgr,14081816,33866826,188.48,ispan,32,175.1,2
road_central,bgr,14081816,33866826,188.48,ispan,64,188.1,2
road_central,bgr,14081816,33866826,188.48,ispan,128,483.1,2
road_usa,bgr,23947347,57708624,350.25,wang,1,3196.4,1
road_usa,bgr,23947347,57708624,350.25,wang,32,208.2,1
road_usa,bgr,23947347,57708624,350.25,wang,64,173.1,1
road_usa,bgr,23947347,57708624,350.25,wang,128,151.7,1
road_usa,bgr,23947347,57708624,350.25,gbbs,1,4748.14732.6,1
road_usa,bgr,23947347,57708624,350.25,gbbs,32,4022.54785.9,1
road_usa,bgr,23947347,57708624,350.25,gbbs,64,3357.13537.0,1
road_usa,bgr,23947347,57708624,350.25,gbbs,128,4108.03866.3,1
road_usa,bgr,23947347,57708624,350.25,ispan,1,1425.5,2
road_usa,bgr,23947347,57708624,350.25,ispan,32,242.4,2
road_usa,bgr,23947347,57708624,350.25,ispan,64,252.4,2
road_usa,bgr,23947347,57708624,350.25,ispan,128,675.0,2
AGATHA_2015,bgr_directed,183964077,5794362982,18480.1,wang,1,FAIL,
AGATHA_2015,bgr_directed,183964077,5794362982,18480.1,wang,32,2571.8,21543534
AGATHA_2015,bgr_directed,183964077,5794362982,18480.1,wang,64,1354.2,21543534
AGATHA_2015,bgr_directed,183964077,5794362982,18480.1,wang,128,1083.9,21543534
AGATHA_2015,bgr_directed,183964077,5794362982,18480.1,gbbs,1,28717.127005.5,21543534
AGATHA_2015,bgr_directed,183964077,5794362982,18480.1,gbbs,32,1403.01358.8,21543534
AGATHA_2015,bgr_directed,183964077,5794362982,18480.1,gbbs,64,949.9847.2,21543534
AGATHA_2015,bgr_directed,183964077,5794362982,18480.1,gbbs,128,829.5703.4,21543534
AGATHA_2015,bgr_directed,183964077,5794362982,18480.1,ispan,1,SKIP,
AGATHA_2015,bgr_directed,183964077,5794362982,18480.1,ispan,32,SKIP,
AGATHA_2015,bgr_directed,183964077,5794362982,18480.1,ispan,64,SKIP,
AGATHA_2015,bgr_directed,183964077,5794362982,18480.1,ispan,128,SKIP,
com-Friendster,bgr_directed,65608366,1806067135,5362.75,wang,1,21802.6,18653098
com-Friendster,bgr_directed,65608366,1806067135,5362.75,wang,32,1243.9,18653098
com-Friendster,bgr_directed,65608366,1806067135,5362.75,wang,64,701.1,18653098
com-Friendster,bgr_directed,65608366,1806067135,5362.75,wang,128,507.4,18653098
com-Friendster,bgr_directed,65608366,1806067135,5362.75,gbbs,1,16313.715817.6,18653098
com-Friendster,bgr_directed,65608366,1806067135,5362.75,gbbs,32,1059.8940.3,18653098
com-Friendster,bgr_directed,65608366,1806067135,5362.75,gbbs,64,731.9615.6,18653098
com-Friendster,bgr_directed,65608366,1806067135,5362.75,gbbs,128,663.6566.6,18653098
com-Friendster,bgr_directed,65608366,1806067135,5362.75,ispan,1,32168.9,18653099
com-Friendster,bgr_directed,65608366,1806067135,5362.75,ispan,32,1855.0,18653099
com-Friendster,bgr_directed,65608366,1806067135,5362.75,ispan,64,1775.4,18653099
com-Friendster,bgr_directed,65608366,1806067135,5362.75,ispan,128,2451.9,18653099
com-LiveJournal,bgr_directed,3997962,34681189,171.925,wang,1,417.3,1202554
com-LiveJournal,bgr_directed,3997962,34681189,171.925,wang,32,31.8,1202554
com-LiveJournal,bgr_directed,3997962,34681189,171.925,wang,64,23.1,1202554
com-LiveJournal,bgr_directed,3997962,34681189,171.925,wang,128,24.0,1202554
com-LiveJournal,bgr_directed,3997962,34681189,171.925,gbbs,1,519.1511.9,1202554
com-LiveJournal,bgr_directed,3997962,34681189,171.925,gbbs,32,72.068.4,1202554
com-LiveJournal,bgr_directed,3997962,34681189,171.925,gbbs,64,72.367.3,1202554
com-LiveJournal,bgr_directed,3997962,34681189,171.925,gbbs,128,90.584.5,1202554
com-LiveJournal,bgr_directed,3997962,34681189,171.925,ispan,1,488.2,1202555
com-LiveJournal,bgr_directed,3997962,34681189,171.925,ispan,32,32.8,1202555
com-LiveJournal,bgr_directed,3997962,34681189,171.925,ispan,64,26.2,1202555
com-LiveJournal,bgr_directed,3997962,34681189,171.925,ispan,128,141.2,1202555
com-Orkut,bgr_directed,3072441,117185083,471.876,wang,1,304.3,108992
com-Orkut,bgr_directed,3072441,117185083,471.876,wang,32,21.3,108992
com-Orkut,bgr_directed,3072441,117185083,471.876,wang,64,16.8,108992
com-Orkut,bgr_directed,3072441,117185083,471.876,wang,128,13.9,108992
com-Orkut,bgr_directed,3072441,117185083,471.876,gbbs,1,426.0432.0,108992
com-Orkut,bgr_directed,3072441,117185083,471.876,gbbs,32,28.125.9,108992
com-Orkut,bgr_directed,3072441,117185083,471.876,gbbs,64,25.222.5,108992
com-Orkut,bgr_directed,3072441,117185083,471.876,gbbs,128,27.418.3,108992
com-Orkut,bgr_directed,3072441,117185083,471.876,ispan,1,825.3,108993
com-Orkut,bgr_directed,3072441,117185083,471.876,ispan,32,49.7,108993
com-Orkut,bgr_directed,3072441,117185083,471.876,ispan,64,41.8,108993
com-Orkut,bgr_directed,3072441,117185083,471.876,ispan,128,131.5,108993
delaunay_n24,bgr_directed,16777216,50331601,263.346,wang,1,1904.9,953904
delaunay_n24,bgr_directed,16777216,50331601,263.346,wang,32,142.0,953904
delaunay_n24,bgr_directed,16777216,50331601,263.346,wang,64,116.1,953904
delaunay_n24,bgr_directed,16777216,50331601,263.346,wang,128,111.2,953904
delaunay_n24,bgr_directed,16777216,50331601,263.346,gbbs,1,3513.63516.0,953904
delaunay_n24,bgr_directed,16777216,50331601,263.346,gbbs,32,1233.21694.3,953904
delaunay_n24,bgr_directed,16777216,50331601,263.346,gbbs,64,1333.61380.5,953904
delaunay_n24,bgr_directed,16777216,50331601,263.346,gbbs,128,1700.31635.5,953904
delaunay_n24,bgr_directed,16777216,50331601,263.346,ispan,1,1107.3,953905
delaunay_n24,bgr_directed,16777216,50331601,263.346,ispan,32,102.2,953905
delaunay_n24,bgr_directed,16777216,50331601,263.346,ispan,64,102.4,953905
delaunay_n24,bgr_directed,16777216,50331601,263.346,ispan,128,398.1,953905
europe_osm,bgr_directed,50912018,54054660,369.959,wang,1,26371.7,50554255
europe_osm,bgr_directed,50912018,54054660,369.959,wang,32,1497.5,50554255
europe_osm,bgr_directed,50912018,54054660,369.959,wang,64,1016.5,50554255
europe_osm,bgr_directed,50912018,54054660,369.959,wang,128,702.0,50554255
europe_osm,bgr_directed,50912018,54054660,369.959,gbbs,1,45564.244022.4,50554255
europe_osm,bgr_directed,50912018,54054660,369.959,gbbs,32,3052.43754.6,50554255
europe_osm,bgr_directed,50912018,54054660,369.959,gbbs,64,2586.62732.9,50554255
europe_osm,bgr_directed,50912018,54054660,369.959,gbbs,128,2703.02659.0,50554255
europe_osm,bgr_directed,50912018,54054660,369.959,ispan,1,3849.8,50554256
europe_osm,bgr_directed,50912018,54054660,369.959,ispan,32,263.3,50554256
europe_osm,bgr_directed,50912018,54054660,369.959,ispan,64,219.2,50554256
europe_osm,bgr_directed,50912018,54054660,369.959,ispan,128,322.1,50554256
GAP-kron,bgr_directed,134217726,2111632322,7789.54,wang,1,13835.9,93498642
GAP-kron,bgr_directed,134217726,2111632322,7789.54,wang,32,665.2,93498642
GAP-kron,bgr_directed,134217726,2111632322,7789.54,wang,64,414.0,93498642
GAP-kron,bgr_directed,134217726,2111632322,7789.54,wang,128,306.1,93498642
GAP-kron,bgr_directed,134217726,2111632322,7789.54,gbbs,1,16425.116055.7,93498642
GAP-kron,bgr_directed,134217726,2111632322,7789.54,gbbs,32,848.8768.4,93498642
GAP-kron,bgr_directed,134217726,2111632322,7789.54,gbbs,64,604.2527.5,93498642
GAP-kron,bgr_directed,134217726,2111632322,7789.54,gbbs,128,479.7400.8,93498642
GAP-kron,bgr_directed,134217726,2111632322,7789.54,ispan,1,8318.3,93498643
GAP-kron,bgr_directed,134217726,2111632322,7789.54,ispan,32,486.0,93498643
GAP-kron,bgr_directed,134217726,2111632322,7789.54,ispan,64,443.7,93498643
GAP-kron,bgr_directed,134217726,2111632322,7789.54,ispan,128,701.7,93498643
GAP-urand,bgr_directed,134217728,2147483370,7839.15,wang,1,43896.7,30
GAP-urand,bgr_directed,134217728,2147483370,7839.15,wang,32,2245.3,30
GAP-urand,bgr_directed,134217728,2147483370,7839.15,wang,64,1499.3,30
GAP-urand,bgr_directed,134217728,2147483370,7839.15,wang,128,986.3,30
GAP-urand,bgr_directed,134217728,2147483370,7839.15,gbbs,1,26077.225927.6,30
GAP-urand,bgr_directed,134217728,2147483370,7839.15,gbbs,32,1290.91157.8,30
GAP-urand,bgr_directed,134217728,2147483370,7839.15,gbbs,64,978.6804.1,30
GAP-urand,bgr_directed,134217728,2147483370,7839.15,gbbs,128,780.9618.0,30
GAP-urand,bgr_directed,134217728,2147483370,7839.15,ispan,1,27960.9,31
GAP-urand,bgr_directed,134217728,2147483370,7839.15,ispan,32,1330.0,31
GAP-urand,bgr_directed,134217728,2147483370,7839.15,ispan,64,1238.1,31
GAP-urand,bgr_directed,134217728,2147483370,7839.15,ispan,128,1826.9,31
kmer_A2a,bgr_directed,170728175,180292586,1031.76,wang,1,109022.0,170196274
kmer_A2a,bgr_directed,170728175,180292586,1031.76,wang,32,5426.3,170196274
kmer_A2a,bgr_directed,170728175,180292586,1031.76,wang,64,3153.5,170196274
kmer_A2a,bgr_directed,170728175,180292586,1031.76,wang,128,2115.2,170196274
kmer_A2a,bgr_directed,170728175,180292586,1031.76,gbbs,1,170256.0167791.0,170196274
kmer_A2a,bgr_directed,170728175,180292586,1031.76,gbbs,32,10424.211167.6,170196274
kmer_A2a,bgr_directed,170728175,180292586,1031.76,gbbs,64,7419.97506.8,170196274
kmer_A2a,bgr_directed,170728175,180292586,1031.76,gbbs,128,6591.76228.7,170196274
kmer_A2a,bgr_directed,170728175,180292586,1031.76,ispan,1,9699.8,170196275
kmer_A2a,bgr_directed,170728175,180292586,1031.76,ispan,32,531.5,170196275
kmer_A2a,bgr_directed,170728175,180292586,1031.76,ispan,64,480.1,170196275
kmer_A2a,bgr_directed,170728175,180292586,1031.76,ispan,128,453.9,170196275
kmer_V1r,bgr_directed,214005017,232705452,1302.57,wang,1,148377.0,213166902
kmer_V1r,bgr_directed,214005017,232705452,1302.57,wang,32,7356.5,213166902
kmer_V1r,bgr_directed,214005017,232705452,1302.57,wang,64,4141.5,213166902
kmer_V1r,bgr_directed,214005017,232705452,1302.57,wang,128,2733.8,213166902
kmer_V1r,bgr_directed,214005017,232705452,1302.57,gbbs,1,232672.0230961.0,213166902
kmer_V1r,bgr_directed,214005017,232705452,1302.57,gbbs,32,15286.115435.1,213166902
kmer_V1r,bgr_directed,214005017,232705452,1302.57,gbbs,64,10576.710481.8,213166902
kmer_V1r,bgr_directed,214005017,232705452,1302.57,gbbs,128,9081.38667.3,213166902
kmer_V1r,bgr_directed,214005017,232705452,1302.57,ispan,1,37469.5,213166903
kmer_V1r,bgr_directed,214005017,232705452,1302.57,ispan,32,2569.0,213166903
kmer_V1r,bgr_directed,214005017,232705452,1302.57,ispan,64,2027.7,213166903
kmer_V1r,bgr_directed,214005017,232705452,1302.57,ispan,128,1506.7,213166903
MOLIERE_2016,bgr_directed,30239687,3338650683,11877.1,wang,1,6108.4,1711655
MOLIERE_2016,bgr_directed,30239687,3338650683,11877.1,wang,32,331.9,1711655
MOLIERE_2016,bgr_directed,30239687,3338650683,11877.1,wang,64,216.8,1711655
MOLIERE_2016,bgr_directed,30239687,3338650683,11877.1,wang,128,172.3,1711655
MOLIERE_2016,bgr_directed,30239687,3338650683,11877.1,gbbs,1,5918.85816.6,1711655
MOLIERE_2016,bgr_directed,30239687,3338650683,11877.1,gbbs,32,446.4450.5,1711655
MOLIERE_2016,bgr_directed,30239687,3338650683,11877.1,gbbs,64,329.9288.6,1711655
MOLIERE_2016,bgr_directed,30239687,3338650683,11877.1,gbbs,128,295.8263.2,1711655
MOLIERE_2016,bgr_directed,30239687,3338650683,11877.1,ispan,1,SKIP,
MOLIERE_2016,bgr_directed,30239687,3338650683,11877.1,ispan,32,SKIP,
MOLIERE_2016,bgr_directed,30239687,3338650683,11877.1,ispan,64,SKIP,
MOLIERE_2016,bgr_directed,30239687,3338650683,11877.1,ispan,128,SKIP,
nlpkkt240,bgr_directed,27993600,401232976,1624.12,wang,1,12128.4,1460
nlpkkt240,bgr_directed,27993600,401232976,1624.12,wang,32,645.8,1460
nlpkkt240,bgr_directed,27993600,401232976,1624.12,wang,64,399.8,1460
nlpkkt240,bgr_directed,27993600,401232976,1624.12,wang,128,294.0,1460
nlpkkt240,bgr_directed,27993600,401232976,1624.12,gbbs,1,10344.210325.9,1460
nlpkkt240,bgr_directed,27993600,401232976,1624.12,gbbs,32,613.7655.5,1460
nlpkkt240,bgr_directed,27993600,401232976,1624.12,gbbs,64,535.1509.2,1460
nlpkkt240,bgr_directed,27993600,401232976,1624.12,gbbs,128,457.9396.3,1460
nlpkkt240,bgr_directed,27993600,401232976,1624.12,ispan,1,3873.9,1461
nlpkkt240,bgr_directed,27993600,401232976,1624.12,ispan,32,182.0,1461
nlpkkt240,bgr_directed,27993600,401232976,1624.12,ispan,64,151.5,1461
nlpkkt240,bgr_directed,27993600,401232976,1624.12,ispan,128,398.8,1461
road_central,bgr_directed,14081816,16933413,136.459,wang,1,9875.1,13312344
road_central,bgr_directed,14081816,16933413,136.459,wang,32,484.4,13312344
road_central,bgr_directed,14081816,16933413,136.459,wang,64,368.4,13312344
road_central,bgr_directed,14081816,16933413,136.459,wang,128,247.4,13312344
road_central,bgr_directed,14081816,16933413,136.459,gbbs,1,12443.812371.8,13312344
road_central,bgr_directed,14081816,16933413,136.459,gbbs,32,2145.62349.5,13312344
road_central,bgr_directed,14081816,16933413,136.459,gbbs,64,2025.92237.3,13312344
road_central,bgr_directed,14081816,16933413,136.459,gbbs,128,2359.42224.2,13312344
road_central,bgr_directed,14081816,16933413,136.459,ispan,1,6616.6,13312345
road_central,bgr_directed,14081816,16933413,136.459,ispan,32,455.9,13312345
road_central,bgr_directed,14081816,16933413,136.459,ispan,64,406.2,13312345
road_central,bgr_directed,14081816,16933413,136.459,ispan,128,356.9,13312345
road_usa,bgr_directed,23947347,28854312,218.339,wang,1,15845.2,22610811
road_usa,bgr_directed,23947347,28854312,218.339,wang,32,810.4,22610811
road_usa,bgr_directed,23947347,28854312,218.339,wang,64,579.3,22610811
road_usa,bgr_directed,23947347,28854312,218.339,wang,128,353.5,22610811
road_usa,bgr_directed,23947347,28854312,218.339,gbbs,1,24306.622949.5,22610811
road_usa,bgr_directed,23947347,28854312,218.339,gbbs,32,3113.83650.1,22610811
road_usa,bgr_directed,23947347,28854312,218.339,gbbs,64,2811.52873.6,22610811
road_usa,bgr_directed,23947347,28854312,218.339,gbbs,128,2867.22743.6,22610811
road_usa,bgr_directed,23947347,28854312,218.339,ispan,1,15619.9,22610812
road_usa,bgr_directed,23947347,28854312,218.339,ispan,32,1005.6,22610812
road_usa,bgr_directed,23947347,28854312,218.339,ispan,64,891.4,22610812
road_usa,bgr_directed,23947347,28854312,218.339,ispan,128,844.8,22610812
