graph,source,nodes,edges,numSCCs,numWCCs,largestSCC_nodes,largestSCC_edges,histogram,load_ms,scc_1t_ms,scc_32t_ms,scc_64t_ms,scc_128t_ms
arabic-2005,bgr,22744080,639999458,4000414,529,15177163,473619298,"1-10:3982699; 11-100:14821; 101-1K:2309; 1K-10K:570; 10K-100K:14; 10M-100M:1",2037.6,15867.0,9091.5,9458.6,9119.1
com-Friendster,bgr,65608366,3612134270,1,1,65608366,3612134270,"10M-100M:1",11476.2,12101.4,1400.0,635.7,409.1
com-LiveJournal,bgr,3997962,69362378,1,1,3997962,69362378,"1M-10M:1",266.8,305.0,81.4,26.8,56.1
com-Orkut,bgr,3072441,234370166,1,1,3072441,234370166,"1M-10M:1",803.4,251.9,41.6,19.3,14.8
delaunay_n24,bgr,16777216,100663202,1,1,16777216,100663202,"10M-100M:1",419.7,2028.1,527.4,410.1,384.5
europe_osm,bgr,50912018,108109320,1,2,50912018,108109320,"10M-100M:1",552.4,6449.9,1884.4,1726.0,2363.1
GAP-kron,bgr,134217726,4223264644,71164263,71164263,63032893,4223223502,"1-10:71164262; 10M-100M:1",19721.3,35886.7,2601.0,1817.8,722.4
GAP-urand,bgr,134217728,4294966740,1,1,134217728,4294966740,"100M-1B:1",19673.3,26255.4,3458.9,1152.0,955.8
GD96_a,bgr,1096,1677,1096,1,1,0,"1-10:1096",10.1,0.1,0.6,0.8,35.2
indochina-2004,bgr,7414866,194109311,1749052,295,3806327,98815195,"1-10:1734052; 11-100:13146; 101-1K:1576; 1K-10K:274; 10K-100K:3; 1M-10M:1",652.8,8932.6,5887.3,6307.6,6567.9
it-2004,bgr,41291594,1150725436,6753961,979,29855421,938694394,"1-10:6707227; 11-100:41765; 101-1K:4380; 1K-10K:587; 10K-100K:1; 10M-100M:1",3827.1,21837.6,11703.2,10320.9,48969.9
kmer_A2a,bgr,170728175,360585172,5353,5353,170372459,359883478,"11-100:4615; 101-1K:737; 100M-1B:1",1567.2,61872.7,5420.5,3166.5,2693.8
kmer_V1r,bgr,214005017,465410904,9,10,214004392,465409664,"11-100:5; 101-1K:3; 100M-1B:1",2050.5,81186.7,5696.4,2852.9,2398.0
MOLIERE_2016,bgr,30239687,6677301366,25026,25026,30209030,6677286674,"1-10:25006; 11-100:19; 10M-100M:1",30115.0,9192.1,857.7,339.6,281.4
nlpkkt240,bgr,27993600,774472352,1,1,27993600,774472352,"10M-100M:1",3463.4,7676.7,952.7,505.1,372.6
road_central,bgr,14081816,33866826,1,12,14081816,33866826,"10M-100M:1",186.7,1675.3,577.1,499.7,644.2
road_usa,bgr,23947347,57708624,1,3,23947347,57708624,"10M-100M:1",298.8,2524.0,908.0,808.4,1061.2
sk-2005,bgr,50636154,1949412601,8815057,126,35874412,1594221975,"1-10:8797233; 11-100:15306; 101-1K:2028; 1K-10K:395; 10K-100K:92; 100K-1M:2; 10M-100M:1",4694.0,40370.6,24062.4,23300.0,23951.4
twitter7,bgr,41652230,1468365182,8044728,1,33479734,1394440906,"1-10:8044495; 11-100:229; 101-1K:3; 10M-100M:1",4619.8,10837.7,1295.5,1018.0,972.3
uk-2005,bgr,39459925,936364282,5811041,12906,25711307,704151756,"1-10:5725130; 11-100:70091; 101-1K:15676; 1K-10K:133; 10K-100K:9; 100K-1M:1; 10M-100M:1",3100.1,24028.6,10571.5,11848.6,12085.7
webbase-1M_connected,bgr,1000005,2108301,940398,1,9829,60924,"1-10:939887; 11-100:412; 101-1K:92; 1K-10K:7",47.1,67.4,58.7,98.0,122.8
webbase-2001,bgr,118142155,1019903190,41126852,2721051,53891939,630006857,"1-10:40775776; 11-100:319505; 101-1K:29157; 1K-10K:2413; 10M-100M:1",3486.2,125436.2,25419.5,34598.2,86853.3
AGATHA_2015,bgr_directed,183964077,5794362982,21543534,13,162420215,5767427150,"1-10:21543533; 100M-1B:1",18064.5,30723.0,4865.7,2040.4,2492.2
com-Friendster,bgr_directed,65608366,1806067135,18653098,1,46942548,1780495995,"1-10:18653056; 11-100:41; 10M-100M:1",5893.4,19754.3,1430.5,761.2,562.3
com-LiveJournal,bgr_directed,3997962,34681189,1202554,1,2778252,32835846,"1-10:1202200; 11-100:350; 101-1K:3; 1M-10M:1",157.2,446.6,65.8,42.2,200.3
com-Orkut,bgr_directed,3072441,117185083,108992,1,2963437,116997762,"1-10:108991; 1M-10M:1",423.2,401.3,56.5,28.7,279.7
delaunay_n24,bgr_directed,16777216,50331601,953904,1,15790922,45704481,"1-10:953811; 11-100:92; 10M-100M:1",254.3,2073.2,421.9,391.8,517.7
europe_osm,bgr_directed,50912018,54054660,50554255,1,160,228,"1-10:50550563; 11-100:3687; 101-1K:5",384.6,1816.0,410.4,367.7,650.5
GAP-kron,bgr_directed,134217726,2111632322,93498642,71164263,40719085,2080279860,"1-10:93498641; 10M-100M:1",10042.4,17105.7,1288.9,817.8,1050.9
GAP-urand,bgr_directed,134217728,2147483370,30,1,134217699,2147482888,"1-10:29; 100M-1B:1",10055.4,26767.6,2516.7,1585.6,1310.6
kmer_A2a,bgr_directed,170728175,180292586,170196274,5353,444554,796025,"1-10:170195225; 11-100:1014; 101-1K:34; 100K-1M:1",1043.4,6889.7,631.4,1507.9,1543.1
kmer_V1r,bgr_directed,214005017,232705452,213166902,9,480051,714411,"1-10:213162906; 11-100:3969; 101-1K:26; 100K-1M:1",1366.2,9624.0,2624.0,2580.3,2477.2
MOLIERE_2016,bgr_directed,30239687,3338650683,1711655,25026,28519465,3336625935,"1-10:1711564; 11-100:90; 10M-100M:1",15151.0,8247.6,986.0,428.7,441.2
nlpkkt240,bgr_directed,27993600,401232976,1460,1,27992141,401218947,"1-10:1459; 10M-100M:1",1852.8,7753.1,1027.1,529.7,392.6
road_central,bgr_directed,14081816,16933413,13312344,1,308,472,"1-10:13299482; 11-100:12809; 101-1K:53",130.8,1829.6,1096.0,1249.9,2020.8
road_usa,bgr_directed,23947347,28854312,22610811,1,288,443,"1-10:22589237; 11-100:21473; 101-1K:101",215.0,2885.3,1557.9,1782.2,2375.6
clueweb12,bgr,978408098,42574107469,SKIPPED,,,,,,,,,,
eu-2015,bgr,1070557254,91792261600,SKIPPED,,,,,,,,,,
gsh-2015,bgr,988490691,33877399152,SKIPPED,,,,,,,,,,
uk-2014,bgr,787801471,47614527250,SKIPPED,,,,,,,,,,
AGATHA_2015,bgr,183964077,11588725964,SKIPPED,,,,,,,,,,
